route_name,bus_name,bus_type,departing_time,duration,reaching_time,star_rating,price,seats_available
Vijayawada to Hyderabad,FRESHBUS,Electric A/C Seater (2+2),22:50,07h 00m,05:50,4.7,724,28
Vijayawada to Hyderabad,FRESHBUS,Electric A/C Seater (2+2),21:50,06h 55m,04:45,4.7,669,27
Vijayawada to Hyderabad,IntrCity SmartBus,A/C Seater / Sleeper (2+1),22:45,06h 55m,05:40,4.6,759,5
Vijayawada to Hyderabad,AdSai RK Travels,Non A/C Seater / Sleeper (2+1),22:10,07h 20m,05:30,3.7,611,8
Vijayawada to Hyderabad,FRESHBUS,Electric A/C Seater (2+2),23:25,07h 00m,06:25,4.6,749,24
Vijayawada to Hyderabad,FRESHBUS,Electric A/C Seater (2+2),23:55,06h 55m,06:50,4.6,739,19
Vijayawada to Hyderabad,IntrCity SmartBus,AC Sleeper (2+1),23:45,06h 45m,06:30,4.7,919,5
Vijayawada to Hyderabad,AdIntrCity SmartBus,AC Sleeper (2+1),23:45,06h 15m,06:00,4.5,1479,6
Vijayawada to Hyderabad,FRESHBUS,Electric A/C Seater (2+2),17:30,07h 35m,01:05,4.6,294,5
Vijayawada to Hyderabad,Sri Durga Malleswari Travels,A/C Sleeper (2+1),22:30,07h 15m,05:45,4.4,720,3
Bangalore to Tirupati,Navayuga Travels,NON AC Seater / Sleeper 2+1,16:35,04h 40m,21:15,4.7,440,5
Bangalore to Tirupati,Navayuga Travels,A/C Sleeper (2+1),16:35,04h 40m,21:15,3.8,550,12
Bangalore to Tirupati,Shyamoli Paribahan Pvt Ltd,Bharat Benz A/C Seater /Sleeper (2+1),16:40,04h 20m,21:00,4.2,500,8
Bangalore to Tirupati,AdHYBUS,Bharat Benz A/C Sleeper (2+1),22:30,05h 50m,04:20,4.4,558,30
Bangalore to Tirupati,HYBUS,Bharat Benz A/C Sleeper (2+1),16:45,02h 45m,19:30,4.7,539,29
Bangalore to Tirupati,Yolo Bus,Bharat Benz A/C Seater /Sleeper (2+1),16:49,04h 50m,21:39,3.8,100,28
Bangalore to Tirupati,Svkdt travels,A/C Sleeper (2+1),17:00,05h 30m,22:30,3.1,495,21
Bangalore to Tirupati,AdHYBUS,Bharat Benz A/C Sleeper (2+1),21:55,06h 20m,04:15,4.5,824,27
Bangalore to Tirupati,Rajeswari Travels,A/C Seater / Sleeper (2+1),21:00,07h 00m,04:00,3.8,349,25
Bangalore to Tirupati,RCV Travels,A/C Seater / Sleeper (2+1),21:00,07h 40m,04:40,4.5,350,23
Bangalore to Kadapa,Shiva Parvathi Tours And Travels,Non A/C Seater / Sleeper (2+1),19:00,07h 30m,02:30,3.0,400,23
Bangalore to Kadapa,BHAIRAVA TOURS AND TRAVELS,Non A/C Seater / Sleeper (2+1),19:15,07h 45m,03:00,3.9,399,39
Bangalore to Kadapa,S R Travels,Non A/C Seater / Sleeper (2+1),19:15,08h 00m,03:15,3.0,450,31
Bangalore to Kadapa,AdAR & BCVR Travels,Non A/C Seater / Sleeper (2+1),21:00,07h 00m,04:00,4.3,400,30
Bangalore to Kadapa,Royal Voyage Travels (RVT),A/C Seater / Sleeper (2+1),19:20,08h 05m,03:25,3.7,500,29
Bangalore to Kadapa,Giridhar Tours and Travels,A/C Seater/Sleeper (2+1),19:24,07h 51m,03:15,4.5,640,27
Bangalore to Kadapa,Giridhar Tours and Travels,Non A/C Seater / Sleeper (2+1),19:30,07h 29m,02:59,4.5,600,12
Bangalore to Kadapa,AdAR & BCVR Travels,Non A/C Seater / Sleeper (2+1),21:30,06h 30m,04:00,4.4,450,36
Bangalore to Kadapa,Amara Tours And Travels,A/C Seater / Sleeper (2+1),19:30,07h 30m,03:00,4.4,449,23
Bangalore to Kadapa,Royal Voyage Travels,Non A/C Seater / Sleeper (2+1),19:30,07h 55m,03:25,3.7,500,22
Kakinada to Visakhapatnam,APSRTC - 23527,"SUPER LUXURY (NON-AC, 2 + 2 PUSH BACK)",17:45,04h 30m,22:15,3.8,281,34
Kakinada to Visakhapatnam,APSRTC - 3332,"SUPER LUXURY (NON-AC, 2 + 2 PUSH BACK)",18:00,04h 00m,22:00,3.8,281,32
Kakinada to Visakhapatnam,APSRTC - 27083,METRO LUXURY A/C,18:00,02h 50m,20:50,3.9,383,23
Kakinada to Visakhapatnam,APSRTC - 2857,"ULTRA DELUXE (NON-AC, 2+2 PUSH BACK)",18:15,05h 15m,23:30,3.8,269,35
Kakinada to Visakhapatnam,APSRTC - 2869,"SUPER LUXURY (NON-AC, 2 + 2 PUSH BACK)",18:30,03h 00m,21:30,3.7,281,28
Kakinada to Visakhapatnam,APSRTC - 3324,"SUPER LUXURY (NON-AC, 2 + 2 PUSH BACK)",19:00,04h 00m,23:00,2.1,281,34
Kakinada to Visakhapatnam,APSRTC - 24275,"SUPER LUXURY (NON-AC, 2 + 2 PUSH BACK)",19:20,03h 30m,22:50,4.9,281,32
Kakinada to Visakhapatnam,APSRTC - 27133,METRO LUXURY A/C,19:40,03h 05m,22:45,4.0,383,24
Kakinada to Visakhapatnam,APSRTC - 27093,METRO LUXURY A/C,20:20,03h 20m,23:40,3.5,383,29
Kakinada to Visakhapatnam,APSRTC - 2217,"SUPER LUXURY (NON-AC, 2 + 2 PUSH BACK)",20:30,03h 30m,00:00,2.6,281,34
Hyderabad to Ongole,Sri Vengamamba Bus Transport (SVBT),A/C Seater / Sleeper (2+1),21:45,08h 30m,06:15,4.4,500,10
Hyderabad to Ongole,Vikram Travels,A/C Seater / Sleeper (2+1),21:55,07h 35m,05:30,4.5,499,18
Hyderabad to Ongole,Pspk Bus,Non A/C Seater / Sleeper (2+1),21:30,09h 00m,06:30,4.2,305,28
Hyderabad to Ongole,AdOrange Tours and Travels,NON A/C Seater/ Sleeper (2+1),22:30,08h 25m,06:55,3.6,450,26
Hyderabad to Ongole,Kamakshi Tours And Travels,Non A/C Seater / Sleeper (2+1),21:30,08h 30m,06:00,4.1,400,13
Hyderabad to Ongole,V Kaveri Travels,Scania AC Multi Axle Sleeper (2+1),21:30,08h 15m,05:45,4.1,801,13
Hyderabad to Ongole,Kaveri Travels,Volvo Multi Axle A/C Sleeper I-Shift B11R (2+1),21:30,08h 15m,05:45,4.1,749,19
Hyderabad to Ongole,Kaveri Travels,A/C Seater / Sleeper (2+1),22:30,08h 00m,06:30,4.0,450,16
Hyderabad to Ongole,Sri Vengamamba Bus Transport (SVBT),A/C Sleeper (2+1),21:40,08h 35m,06:15,4.0,729,8
Hyderabad to Ongole,IntrCity SmartBus,A/C Sleeper (2+1),23:55,05h 55m,05:50,4.7,729,11
Ongole to Hyderabad,Sri Vengamamba Bus Transport (SVBT),A/C Sleeper (2+1),22:30,07h 35m,06:05,4.6,1366,2
Ongole to Hyderabad,Vikram Travels,A/C Seater / Sleeper (2+1),23:15,07h 03m,06:18,4.6,1029,6
Ongole to Hyderabad,V Kaveri Travels,NON A/C Sleeper (2+1),22:45,07h 25m,06:10,4.6,902,6
Ongole to Hyderabad,Sri Vengamamba Bus Transport (SVBT),A/C Seater / Sleeper (2+1),23:00,07h 35m,06:35,4.4,873,4
Ongole to Hyderabad,Jagan Travels,Non A/C Seater / Sleeper (2+1),23:15,07h 02m,06:17,4.4,599,9
Ongole to Hyderabad,V Kaveri Travels,Scania AC Multi Axle Sleeper (2+1),23:20,07h 05m,06:25,4.3,1352,8
Ongole to Hyderabad,V Kaveri Travels,NON A/C Sleeper (2+1),22:00,07h 55m,05:55,4.2,900,5
Ongole to Hyderabad,Chandu Travels,A/C Sleeper (2+1),22:40,07h 50m,06:30,4.1,1036,6
Ongole to Hyderabad,Kaveri Travels,NON AC Seater / Sleeper 2+1,23:10,07h 30m,06:40,4.2,700,4
Ongole to Hyderabad,Kaveri Travels,Volvo Multi Axle A/C Sleeper I-Shift B11R (2+1),23:30,07h 10m,06:40,4.0,1219,9
